event_id,attack_mean_error_m,attack_std_error_m,defense_mean_error_m,defense_std_error_m,attack_players,defense_players
0,17.610924605431254,12.67854081591306,19.887804054836778,11.066244686957734,11,11
5,15.480222831735263,11.067808476043602,16.230668664534402,9.023586059922895,11,11
16,14.738720212744386,6.543795889712373,11.724777153400805,8.906181949947992,11,11
80,19.056317577039493,10.59145447521327,11.066469870925642,7.435366353060578,11,11
86,24.573058800609775,15.06163199674081,16.466597493685065,10.007289501128788,11,11
87,25.385942623229848,7.247984444091573,17.015570605622298,9.808149483997354,11,11
88,23.72450127613053,17.943881386637845,21.918208424097784,9.733029471688745,11,11
93,33.96860528387045,18.573795758501806,24.952719833737945,14.708932736466688,11,11
99,42.173161776177025,18.202893931060213,29.08541936193783,19.299265139666044,11,11
104,34.95803900344079,20.486440932294837,25.94589803427191,11.688255067792843,11,11
